<?xml version="1.0" encoding="UTF-8"?>
<project-private xmlns="http://www.netbeans.org/ns/project-private/1">
    <editor-bookmarks xmlns="http://www.netbeans.org/ns/editor-bookmarks/2" lastBookmarkId="0"/>
    <open-files xmlns="http://www.netbeans.org/ns/projectui-open-files/2">
        <group>
            <file>file:/C:/Users/Raja/Documents/NetBeansProjects/WeddingPlannerSystem%204/WeddingPlannerSystem%204/src/weddingplannersystem/StartMain.java</file>
            <file>file:/C:/Users/Raja/Documents/NetBeansProjects/WeddingPlannerSystem%204/WeddingPlannerSystem%204/src/weddingplannersystem/UserDashboard.java</file>
            <file>file:/C:/Users/Raja/Documents/NetBeansProjects/WeddingPlannerSystem%204/WeddingPlannerSystem%204/src/weddingplannersystem/sqlConnection.java</file>
            <file>file:/C:/Users/Raja/Documents/NetBeansProjects/WeddingPlannerSystem%204/WeddingPlannerSystem%204/src/weddingplannersystem/UserLogin.java</file>
        </group>
    </open-files>
</project-private>
